username,description,email,favorite
111,This user hasn't wrote anything yet.,123,321
111,This user hasn't wrote anything yet.,123,321
111,This user hasn't wrote anything yet.,123,321
111,This user hasn't wrote anything yet.,123,321
111,This user hasn't wrote anything yet.,123,321
111,This user hasn't wrote anything yet.,123,321
111,This user hasn't wrote anything yet.,123,321
111,This user hasn't wrote anything yet.,123,321
111,This user hasn't wrote anything yet.,123,321
111,This user hasn't wrote anything yet.,123,321
111,This user hasn't wrote anything yet.,123,321
111,This user hasn't wrote anything yet.,123,321
111,This user hasn't wrote anything yet.,123,321
111,This user hasn't wrote anything yet.,123,321
111,This user hasn't wrote anything yet.,123,321
111,This user hasn't wrote anything yet.,123,321
111,This user hasn't wrote anything yet.,123,321
111,This user hasn't wrote anything yet.,123,321
111,This user hasn't wrote anything yet.,123,321
111,This user hasn't wrote anything yet.,123,321
111,This user hasn't wrote anything yet.,123,321
111,This user hasn't wrote anything yet.,123,321
111,This user hasn't wrote anything yet.,123,321
111,This user hasn't wrote anything yet.,123,321
111,This user hasn't wrote anything yet.,123,321
111,This user hasn't wrote anything yet.,123,321
111,This user hasn't wrote anything yet.,123,321
111,This user hasn't wrote anything yet.,123,321
111,This user hasn't wrote anything yet.,123,321
111,This user hasn't wrote anything yet.,123,321
111,This user hasn't wrote anything yet.,123,321
111,This user hasn't wrote anything yet.,123,321
111,This user hasn't wrote anything yet.,123,321
111,This user hasn't wrote anything yet.,123,321
111,This user hasn't wrote anything yet.,123,321
111,This user hasn't wrote anything yet.,123,321
111,This user hasn't wrote anything yet.,123,321
111,This user hasn't wrote anything yet.,123,321
111,This user hasn't wrote anything yet.,123,321
111,This user hasn't wrote anything yet.,123,321
111,This user hasn't wrote anything yet.,123,321
111,This user hasn't wrote anything yet.,123,321
111,This user hasn't wrote anything yet.,123,321
111,This user hasn't wrote anything yet.,123,321
111,This user hasn't wrote anything yet.,123,321
111,This user hasn't wrote anything yet.,123,321
111,This user hasn't wrote anything yet.,123,321
111,This user hasn't wrote anything yet.,123,321
111,This user hasn't wrote anything yet.,123,321
111,This user hasn't wrote anything yet.,123,321
111,This user hasn't wrote anything yet.,123,321
111,This user hasn't wrote anything yet.,123,321
111,This user hasn't wrote anything yet.,123,321
111,This user hasn't wrote anything yet.,123,321
111,This user hasn't wrote anything yet.,123,321
111,This user hasn't wrote anything yet.,123,321
111,This user hasn't wrote anything yet.,123,321
111,This user hasn't wrote anything yet.,123,321
111,This user hasn't wrote anything yet.,123,321
111,This user hasn't wrote anything yet.,123,321
